from_stop_id,from_stop_name,to_stop_id,to_stop_name,route_id,route_short_name,route_long_name,mean_travel_time_min
0200L1-BALBUENA,Balbuena,0200L1-PTOAEREO,Boulevard Puerto Aéreo,CMX0200L1,1,Pantitlán - Observatorio,1.5333333333333334
0200L1-BALBUENA,Balbuena,0200L1_MOCTEZUMA,Moctezuma,CMX0200L1,1,Pantitlán - Observatorio,1.6333333333333333
0200L1-BALDERAS,Balderas,0200L1-CUAUHTEMOC,Cuauhtémoc,CMX0200L1,1,Pantitlán - Observatorio,1.0833333333333333
0200L1-BALDERAS,Balderas,0200L1-SALTODELAGUA,Salto del Agua,CMX0200L1,1,Pantitlán - Observatorio,1.2666666666666666
0200L1-CANDELARIA,Candelaria,0200L1-MERCED,Merced,CMX0200L1,1,Pantitlán - Observatorio,1.6833333333333333
0200L1-CANDELARIA,Candelaria,0200L1-SANLAZARO,San Lázaro,CMX0200L1,1,Pantitlán - Observatorio,2.066666666666667
0200L1-CHAPULTEPEC,Chapultepec ,0200L1-JUANACATLAN,Juanacatlán,CMX0200L1,1,Pantitlán - Observatorio,2.2
0200L1-CHAPULTEPEC,Chapultepec ,0200L1-SEVILLA,Sevilla,CMX0200L1,1,Pantitlán - Observatorio,1.1166666666666667
0200L1-CUAUHTEMOC,Cuauhtémoc,0200L1-BALDERAS,Balderas,CMX0200L1,1,Pantitlán - Observatorio,1.0833333333333333
0200L1-CUAUHTEMOC,Cuauhtémoc,0200L1-INSURGENTES,Insurgentes,CMX0200L1,1,Pantitlán - Observatorio,1.85
0200L1-GOMEZFARIAS,Gómez Farías,0200L1-PTOAEREO,Boulevard Puerto Aéreo,CMX0200L1,1,Pantitlán - Observatorio,1.45
0200L1-GOMEZFARIAS,Gómez Farías,0200L1-ZARAGOZA,Zaragoza,CMX0200L1,1,Pantitlán - Observatorio,1.9
0200L1-INSURGENTES,Insurgentes,0200L1-CUAUHTEMOC,Cuauhtémoc,CMX0200L1,1,Pantitlán - Observatorio,1.85
0200L1-INSURGENTES,Insurgentes,0200L1-SEVILLA,Sevilla,CMX0200L1,1,Pantitlán - Observatorio,1.65
0200L1-ISABELLACA,Isabel la Católica,0200L1-PINOSUAREZ,Pino Suárez,CMX0200L1,1,Pantitlán - Observatorio,1.0666666666666667
0200L1-ISABELLACA,Isabel la Católica,0200L1-SALTODELAGUA,Salto del Agua,CMX0200L1,1,Pantitlán - Observatorio,1.15
0200L1-JUANACATLAN,Juanacatlán,0200L1-CHAPULTEPEC,Chapultepec ,CMX0200L1,1,Pantitlán - Observatorio,2.2
0200L1-JUANACATLAN,Juanacatlán,0200L1-TACUBAYA,Tacubaya,CMX0200L1,1,Pantitlán - Observatorio,2.566666666666667
0200L1-MERCED,Merced,0200L1-CANDELARIA,Candelaria,CMX0200L1,1,Pantitlán - Observatorio,1.6833333333333333
0200L1-MERCED,Merced,0200L1-PINOSUAREZ,Pino Suárez,CMX0200L1,1,Pantitlán - Observatorio,1.6
0200L1-OBSERVATORIO,Observatorio,0200L1-TACUBAYA,Tacubaya,CMX0200L1,1,Pantitlán - Observatorio,2.8333333333333335
0200L1-PANTITLAN,Pantitlán,0200L1-ZARAGOZA,Zaragoza,CMX0200L1,1,Pantitlán - Observatorio,2.8
0200L1-PINOSUAREZ,Pino Suárez,0200L1-ISABELLACA,Isabel la Católica,CMX0200L1,1,Pantitlán - Observatorio,1.0666666666666667
0200L1-PINOSUAREZ,Pino Suárez,0200L1-MERCED,Merced,CMX0200L1,1,Pantitlán - Observatorio,1.6
0200L1-PTOAEREO,Boulevard Puerto Aéreo,0200L1-BALBUENA,Balbuena,CMX0200L1,1,Pantitlán - Observatorio,1.5333333333333334
0200L1-PTOAEREO,Boulevard Puerto Aéreo,0200L1-GOMEZFARIAS,Gómez Farías,CMX0200L1,1,Pantitlán - Observatorio,1.45
0200L1-SALTODELAGUA,Salto del Agua,0200L1-BALDERAS,Balderas,CMX0200L1,1,Pantitlán - Observatorio,1.2666666666666666
0200L1-SALTODELAGUA,Salto del Agua,0200L1-ISABELLACA,Isabel la Católica,CMX0200L1,1,Pantitlán - Observatorio,1.15
0200L1-SANLAZARO,San Lázaro,0200L1-CANDELARIA,Candelaria,CMX0200L1,1,Pantitlán - Observatorio,2.066666666666667
0200L1-SANLAZARO,San Lázaro,0200L1_MOCTEZUMA,Moctezuma,CMX0200L1,1,Pantitlán - Observatorio,1.1833333333333333
0200L1-SEVILLA,Sevilla,0200L1-CHAPULTEPEC,Chapultepec ,CMX0200L1,1,Pantitlán - Observatorio,1.1166666666666667
0200L1-SEVILLA,Sevilla,0200L1-INSURGENTES,Insurgentes,CMX0200L1,1,Pantitlán - Observatorio,1.65
0200L1-TACUBAYA,Tacubaya,0200L1-JUANACATLAN,Juanacatlán,CMX0200L1,1,Pantitlán - Observatorio,2.566666666666667
0200L1-TACUBAYA,Tacubaya,0200L1-OBSERVATORIO,Observatorio,CMX0200L1,1,Pantitlán - Observatorio,2.8333333333333335
0200L1-ZARAGOZA,Zaragoza,0200L1-GOMEZFARIAS,Gómez Farías,CMX0200L1,1,Pantitlán - Observatorio,1.9
0200L1-ZARAGOZA,Zaragoza,0200L1-PANTITLAN,Pantitlán,CMX0200L1,1,Pantitlán - Observatorio,2.8
0200L1_MOCTEZUMA,Moctezuma,0200L1-BALBUENA,Balbuena,CMX0200L1,1,Pantitlán - Observatorio,1.6333333333333333
0200L1_MOCTEZUMA,Moctezuma,0200L1-SANLAZARO,San Lázaro,CMX0200L1,1,Pantitlán - Observatorio,1.1833333333333333
0200L2-ALLENDE,Allende,0200L2-BELLASARTES,Bellas Artes,CMX0200L2,2,Cuatro Caminos - Tasqueña,0.9333333333333333
0200L2-ALLENDE,Allende,0200L2-ZOCALO,Zócalo,CMX0200L2,2,Cuatro Caminos - Tasqueña,1.3833333333333333
0200L2-BELLASARTES,Bellas Artes,0200L2-ALLENDE,Allende,CMX0200L2,2,Cuatro Caminos - Tasqueña,0.9333333333333333
0200L2-BELLASARTES,Bellas Artes,0200L2-HIDALGO,Hidalgo,CMX0200L2,2,Cuatro Caminos - Tasqueña,1.1166666666666667
0200L2-CHABACANO,Chabacano,0200L2-SANANTONIO,San Antonio Abad,CMX0200L2,2,Cuatro Caminos - Tasqueña,1.4166666666666667
0200L2-CHABACANO,Chabacano,0200L2-VIADUCTO,Viaducto,CMX0200L2,2,Cuatro Caminos - Tasqueña,1.7166666666666666
0200L2-COLMILITAR,Colegio Militar,0200L2-NORMAL,Normal,CMX0200L2,2,Cuatro Caminos - Tasqueña,1.3333333333333333
0200L2-COLMILITAR,Colegio Militar,0200L2-POPOTLA,Popotla,CMX0200L2,2,Cuatro Caminos - Tasqueña,1.05
0200L2-CUATROCAMIN,Cuatro Caminos,0200L2-PANTEONES,Panteones,CMX0200L2,2,Cuatro Caminos - Tasqueña,3.316666666666667
0200L2-CUITLAHUAC,Cuitláhuac,0200L2-POPOTLA,Popotla,CMX0200L2,2,Cuatro Caminos - Tasqueña,1.4666666666666666
0200L2-CUITLAHUAC,Cuitláhuac,0200L2-TACUBA,Tacuba,CMX0200L2,2,Cuatro Caminos - Tasqueña,1.4
0200L2-ERMITA,Ermita,0200L2-GRALANAYA,General Anaya,CMX0200L2,2,Cuatro Caminos - Tasqueña,1.8333333333333333
0200L2-ERMITA,Ermita,0200L2-PORTALES,Portales,CMX0200L2,2,Cuatro Caminos - Tasqueña,1.65
0200L2-GRALANAYA,General Anaya,0200L2-ERMITA,Ermita,CMX0200L2,2,Cuatro Caminos - Tasqueña,1.8333333333333333
0200L2-GRALANAYA,General Anaya,0200L2-TASQUENA,Tasqueña,CMX0200L2,2,Cuatro Caminos - Tasqueña,2.783333333333333
0200L2-HIDALGO,Hidalgo,0200L2-BELLASARTES,Bellas Artes,CMX0200L2,2,Cuatro Caminos - Tasqueña,1.1166666666666667
0200L2-HIDALGO,Hidalgo,0200L2-REVOLUCION,Revolución,CMX0200L2,2,Cuatro Caminos - Tasqueña,1.4
0200L2-NATIVITAS,Nativitas,0200L2-PORTALES,Portales,CMX0200L2,2,Cuatro Caminos - Tasqueña,2.1
0200L2-NATIVITAS,Nativitas,0200L2-VILLADECORT,Villa de Cortés,CMX0200L2,2,Cuatro Caminos - Tasqueña,1.55
0200L2-NORMAL,Normal,0200L2-COLMILITAR,Colegio Militar,CMX0200L2,2,Cuatro Caminos - Tasqueña,1.3333333333333333
0200L2-NORMAL,Normal,0200L2-SANCOSME,San Cosme,CMX0200L2,2,Cuatro Caminos - Tasqueña,1.4
0200L2-PANTEONES,Panteones,0200L2-CUATROCAMIN,Cuatro Caminos,CMX0200L2,2,Cuatro Caminos - Tasqueña,3.316666666666667
0200L2-PANTEONES,Panteones,0200L2-TACUBA,Tacuba,CMX0200L2,2,Cuatro Caminos - Tasqueña,2.9166666666666665
0200L2-PINOSUAREZ,Pino Suárez,0200L2-SANANTONIO,San Antonio Abad,CMX0200L2,2,Cuatro Caminos - Tasqueña,1.8
0200L2-PINOSUAREZ,Pino Suárez,0200L2-ZOCALO,Zócalo,CMX0200L2,2,Cuatro Caminos - Tasqueña,1.6666666666666667
0200L2-POPOTLA,Popotla,0200L2-COLMILITAR,Colegio Militar,CMX0200L2,2,Cuatro Caminos - Tasqueña,1.05
0200L2-POPOTLA,Popotla,0200L2-CUITLAHUAC,Cuitláhuac,CMX0200L2,2,Cuatro Caminos - Tasqueña,1.4666666666666666
0200L2-PORTALES,Portales,0200L2-ERMITA,Ermita,CMX0200L2,2,Cuatro Caminos - Tasqueña,1.65
0200L2-PORTALES,Portales,0200L2-NATIVITAS,Nativitas,CMX0200L2,2,Cuatro Caminos - Tasqueña,2.1
0200L2-REVOLUCION,Revolución,0200L2-HIDALGO,Hidalgo,CMX0200L2,2,Cuatro Caminos - Tasqueña,1.4
0200L2-REVOLUCION,Revolución,0200L2-SANCOSME,San Cosme,CMX0200L2,2,Cuatro Caminos - Tasqueña,1.3666666666666667
0200L2-SANANTONIO,San Antonio Abad,0200L2-CHABACANO,Chabacano,CMX0200L2,2,Cuatro Caminos - Tasqueña,1.4166666666666667
0200L2-SANANTONIO,San Antonio Abad,0200L2-PINOSUAREZ,Pino Suárez,CMX0200L2,2,Cuatro Caminos - Tasqueña,1.8
0200L2-SANCOSME,San Cosme,0200L2-NORMAL,Normal,CMX0200L2,2,Cuatro Caminos - Tasqueña,1.4
0200L2-SANCOSME,San Cosme,0200L2-REVOLUCION,Revolución,CMX0200L2,2,Cuatro Caminos - Tasqueña,1.3666666666666667
0200L2-TACUBA,Tacuba,0200L2-CUITLAHUAC,Cuitláhuac,CMX0200L2,2,Cuatro Caminos - Tasqueña,1.4
0200L2-TACUBA,Tacuba,0200L2-PANTEONES,Panteones,CMX0200L2,2,Cuatro Caminos - Tasqueña,2.9166666666666665
0200L2-TASQUENA,Tasqueña,0200L2-GRALANAYA,General Anaya,CMX0200L2,2,Cuatro Caminos - Tasqueña,2.783333333333333
0200L2-VIADUCTO,Viaducto,0200L2-CHABACANO,Chabacano,CMX0200L2,2,Cuatro Caminos - Tasqueña,1.7166666666666666
0200L2-VIADUCTO,Viaducto,0200L2-XOLA,Xola,CMX0200L2,2,Cuatro Caminos - Tasqueña,1.1666666666666667
0200L2-VILLADECORT,Villa de Cortés,0200L2-NATIVITAS,Nativitas,CMX0200L2,2,Cuatro Caminos - Tasqueña,1.55
0200L2-VILLADECORT,Villa de Cortés,0200L2-XOLA,Xola,CMX0200L2,2,Cuatro Caminos - Tasqueña,1.5833333333333333
0200L2-XOLA,Xola,0200L2-VIADUCTO,Viaducto,CMX0200L2,2,Cuatro Caminos - Tasqueña,1.1666666666666667
0200L2-XOLA,Xola,0200L2-VILLADECORT,Villa de Cortés,CMX0200L2,2,Cuatro Caminos - Tasqueña,1.5833333333333333
0200L2-ZOCALO,Zócalo,0200L2-ALLENDE,Allende,CMX0200L2,2,Cuatro Caminos - Tasqueña,1.3833333333333333
0200L2-ZOCALO,Zócalo,0200L2-PINOSUAREZ,Pino Suárez,CMX0200L2,2,Cuatro Caminos - Tasqueña,1.6666666666666667
0200L3-BALDERAS,Balderas,0200L3-JUAREZ,Juárez,CMX0200L3,3,Indios verdes - Universidad,1.4
0200L3-BALDERAS,Balderas,0200L3-NINOSHEROES,Niños Héroes y  Poder Judicial CDMX,CMX0200L3,3,Indios verdes - Universidad,1.4333333333333333
0200L3-CENTROMEDICO,Centro Médico,0200L3-ETIOPIA,Etiopía y Plaza de la Transparencia,CMX0200L3,3,Indios verdes - Universidad,2.4
0200L3-CENTROMEDICO,Centro Médico,0200L3-HOSPITALGRAL,Hospital General,CMX0200L3,3,Indios verdes - Universidad,1.3666666666666667
0200L3-COPILCO,Copilco,0200L3-MAQ,Miguel Ángel de Quevedo,CMX0200L3,3,Indios verdes - Universidad,2.7
0200L3-COPILCO,Copilco,0200L3-UNIVERSIDAD,Universidad,CMX0200L3,3,Indios verdes - Universidad,2.6333333333333333
0200L3-COYOACAN,Coyoacán,0200L3-VIVEROS,Viveros y  Derechos Humanos,CMX0200L3,3,Indios verdes - Universidad,1.9
0200L3-COYOACAN,Coyoacán,0200L3-ZAPATA,Zapata,CMX0200L3,3,Indios verdes - Universidad,2.3333333333333335
0200L3-DIVISIONNTE,División del Norte,0200L3-EUGENIA,Eugenia,CMX0200L3,3,Indios verdes - Universidad,1.4833333333333334
0200L3-DIVISIONNTE,División del Norte,0200L3-ZAPATA,Zapata,CMX0200L3,3,Indios verdes - Universidad,1.8833333333333333
0200L3-DTVO18MARZO,Deportivo 18 de Marzo,0200L3-INDIOSVERD,Indios Verdes,CMX0200L3,3,Indios verdes - Universidad,2.4166666666666665
0200L3-DTVO18MARZO,Deportivo 18 de Marzo,0200L3-POTRERO,Potrero,CMX0200L3,3,Indios verdes - Universidad,2.033333333333333
0200L3-ETIOPIA,Etiopía y Plaza de la Transparencia,0200L3-CENTROMEDICO,Centro Médico,CMX0200L3,3,Indios verdes - Universidad,2.4
0200L3-ETIOPIA,Etiopía y Plaza de la Transparencia,0200L3-EUGENIA,Eugenia,CMX0200L3,3,Indios verdes - Universidad,1.9833333333333334
0200L3-EUGENIA,Eugenia,0200L3-DIVISIONNTE,División del Norte,CMX0200L3,3,Indios verdes - Universidad,1.4833333333333334
0200L3-EUGENIA,Eugenia,0200L3-ETIOPIA,Etiopía y Plaza de la Transparencia,CMX0200L3,3,Indios verdes - Universidad,1.9833333333333334
0200L3-GUERRERO,Guerrero,0200L3-HIDALGO,Hidalgo,CMX0200L3,3,Indios verdes - Universidad,1.5166666666666666
0200L3-GUERRERO,Guerrero,0200L3-TLATELOLCO,Tlatelolco,CMX0200L3,3,Indios verdes - Universidad,2.1333333333333333
0200L3-HIDALGO,Hidalgo,0200L3-GUERRERO,Guerrero,CMX0200L3,3,Indios verdes - Universidad,1.5166666666666666
0200L3-HIDALGO,Hidalgo,0200L3-JUAREZ,Juárez,CMX0200L3,3,Indios verdes - Universidad,0.85
0200L3-HOSPITALGRAL,Hospital General,0200L3-CENTROMEDICO,Centro Médico,CMX0200L3,3,Indios verdes - Universidad,1.3666666666666667
0200L3-HOSPITALGRAL,Hospital General,0200L3-NINOSHEROES,Niños Héroes y  Poder Judicial CDMX,CMX0200L3,3,Indios verdes - Universidad,1.4166666666666667
0200L3-INDIOSVERD,Indios Verdes,0200L3-DTVO18MARZO,Deportivo 18 de Marzo,CMX0200L3,3,Indios verdes - Universidad,2.4166666666666665
0200L3-JUAREZ,Juárez,0200L3-BALDERAS,Balderas,CMX0200L3,3,Indios verdes - Universidad,1.4
0200L3-JUAREZ,Juárez,0200L3-HIDALGO,Hidalgo,CMX0200L3,3,Indios verdes - Universidad,0.85
0200L3-LARAZA,La Raza,0200L3-POTRERO,Potrero,CMX0200L3,3,Indios verdes - Universidad,2.216666666666667
0200L3-LARAZA,La Raza,0200L3-TLATELOLCO,Tlatelolco,CMX0200L3,3,Indios verdes - Universidad,2.9833333333333334
0200L3-MAQ,Miguel Ángel de Quevedo,0200L3-COPILCO,Copilco,CMX0200L3,3,Indios verdes - Universidad,2.7
0200L3-MAQ,Miguel Ángel de Quevedo,0200L3-VIVEROS,Viveros y  Derechos Humanos,CMX0200L3,3,Indios verdes - Universidad,1.8
0200L3-NINOSHEROES,Niños Héroes y  Poder Judicial CDMX,0200L3-BALDERAS,Balderas,CMX0200L3,3,Indios verdes - Universidad,1.4333333333333333
0200L3-NINOSHEROES,Niños Héroes y  Poder Judicial CDMX,0200L3-HOSPITALGRAL,Hospital General,CMX0200L3,3,Indios verdes - Universidad,1.4166666666666667
0200L3-POTRERO,Potrero,0200L3-DTVO18MARZO,Deportivo 18 de Marzo,CMX0200L3,3,Indios verdes - Universidad,2.033333333333333
0200L3-POTRERO,Potrero,0200L3-LARAZA,La Raza,CMX0200L3,3,Indios verdes - Universidad,2.216666666666667
0200L3-TLATELOLCO,Tlatelolco,0200L3-GUERRERO,Guerrero,CMX0200L3,3,Indios verdes - Universidad,2.1333333333333333
0200L3-TLATELOLCO,Tlatelolco,0200L3-LARAZA,La Raza,CMX0200L3,3,Indios verdes - Universidad,2.9833333333333334
0200L3-UNIVERSIDAD,Universidad,0200L3-COPILCO,Copilco,CMX0200L3,3,Indios verdes - Universidad,2.6333333333333333
0200L3-VIVEROS,Viveros y  Derechos Humanos,0200L3-COYOACAN,Coyoacán,CMX0200L3,3,Indios verdes - Universidad,1.9
0200L3-VIVEROS,Viveros y  Derechos Humanos,0200L3-MAQ,Miguel Ángel de Quevedo,CMX0200L3,3,Indios verdes - Universidad,1.8
0200L3-ZAPATA,Zapata,0200L3-COYOACAN,Coyoacán,CMX0200L3,3,Indios verdes - Universidad,2.3333333333333335
0200L3-ZAPATA,Zapata,0200L3-DIVISIONNTE,División del Norte,CMX0200L3,3,Indios verdes - Universidad,1.8833333333333333
0200L4-BONDOJITO,Bondojito,0200L4-CONSULADO,Consulado,CMX0200L4,4,Santa Anita - Martín Carrera,1.2833333333333334
0200L4-BONDOJITO,Bondojito,0200L4-TALISMAN,Talismán,CMX0200L4,4,Santa Anita - Martín Carrera,1.9666666666666666
0200L4-CANALNTE,Canal del Norte,0200L4-CONSULADO,Consulado,CMX0200L4,4,Santa Anita - Martín Carrera,1.75
0200L4-CANALNTE,Canal del Norte,0200L4-MORELOS,Morelos,CMX0200L4,4,Santa Anita - Martín Carrera,1.7833333333333334
0200L4-CANDELARIA,Candelaria,0200L4-FRAYSERVANDO,Fray Servando,CMX0200L4,4,Santa Anita - Martín Carrera,1.35
0200L4-CANDELARIA,Candelaria,0200L4-MORELOS,Morelos,CMX0200L4,4,Santa Anita - Martín Carrera,2.066666666666667
0200L4-CONSULADO,Consulado,0200L4-BONDOJITO,Bondojito,CMX0200L4,4,Santa Anita - Martín Carrera,1.2833333333333334
0200L4-CONSULADO,Consulado,0200L4-CANALNTE,Canal del Norte,CMX0200L4,4,Santa Anita - Martín Carrera,1.75
0200L4-FRAYSERVANDO,Fray Servando,0200L4-CANDELARIA,Candelaria,CMX0200L4,4,Santa Anita - Martín Carrera,1.35
0200L4-FRAYSERVANDO,Fray Servando,0200L4-JAMAICA,Jamaica,CMX0200L4,4,Santa Anita - Martín Carrera,2.0166666666666666
0200L4-JAMAICA,Jamaica,0200L4-FRAYSERVANDO,Fray Servando,CMX0200L4,4,Santa Anita - Martín Carrera,2.0166666666666666
0200L4-JAMAICA,Jamaica,0200L4-SNTAANITA,Santa Anita,CMX0200L4,4,Santa Anita - Martín Carrera,1.5
0200L4-MARTINCARR,Martín Carrera,0200L4-TALISMAN,Talismán,CMX0200L4,4,Santa Anita - Martín Carrera,2.15
0200L4-MORELOS,Morelos,0200L4-CANALNTE,Canal del Norte,CMX0200L4,4,Santa Anita - Martín Carrera,1.7833333333333334
0200L4-MORELOS,Morelos,0200L4-CANDELARIA,Candelaria,CMX0200L4,4,Santa Anita - Martín Carrera,2.066666666666667
0200L4-SNTAANITA,Santa Anita,0200L4-JAMAICA,Jamaica,CMX0200L4,4,Santa Anita - Martín Carrera,1.5
0200L4-TALISMAN,Talismán,0200L4-BONDOJITO,Bondojito,CMX0200L4,4,Santa Anita - Martín Carrera,1.9666666666666666
0200L4-TALISMAN,Talismán,0200L4-MARTINCARR,Martín Carrera,CMX0200L4,4,Santa Anita - Martín Carrera,2.15
0200L5-ARAGON,Aragón,0200L5-EDUARDOMOLI,Eduardo Molina,CMX0200L5,5,Politécnico - Pantitlán,1.7
0200L5-ARAGON,Aragón,0200L5-OCEANIA,Oceanía,CMX0200L5,5,Politécnico - Pantitlán,2.2333333333333334
0200L5-AUTOBUSESNTE,Autobuses del Norte,0200L5-ITOPETROLEO,Instituto del Petróleo,CMX0200L5,5,Politécnico - Pantitlán,2.033333333333333
0200L5-AUTOBUSESNTE,Autobuses del Norte,0200L5-LARAZA,La Raza,CMX0200L5,5,Politécnico - Pantitlán,1.9
0200L5-CONSULADO,Consulado,0200L5-EDUARDOMOLI,Eduardo Molina,CMX0200L5,5,Politécnico - Pantitlán,1.6166666666666667
0200L5-CONSULADO,Consulado,0200L5-VALLEGOMEZ,Valle Gómez,CMX0200L5,5,Politécnico - Pantitlán,1.2666666666666666
0200L5-EDUARDOMOLI,Eduardo Molina,0200L5-ARAGON,Aragón,CMX0200L5,5,Politécnico - Pantitlán,1.7
0200L5-EDUARDOMOLI,Eduardo Molina,0200L5-CONSULADO,Consulado,CMX0200L5,5,Politécnico - Pantitlán,1.6166666666666667
0200L5-HANGARES,Hangares,0200L5-PANTITLAN,Pantitlán,CMX0200L5,5,Politécnico - Pantitlán,3.0
0200L5-HANGARES,Hangares,0200L5-TNALAEREA,Terminal Aérea,CMX0200L5,5,Politécnico - Pantitlán,2.3333333333333335
0200L5-ITOPETROLEO,Instituto del Petróleo,0200L5-AUTOBUSESNTE,Autobuses del Norte,CMX0200L5,5,Politécnico - Pantitlán,2.033333333333333
0200L5-ITOPETROLEO,Instituto del Petróleo,0200L5-POLITECNICO,Politécnico,CMX0200L5,5,Politécnico - Pantitlán,2.25
0200L5-LARAZA,La Raza,0200L5-AUTOBUSESNTE,Autobuses del Norte,CMX0200L5,5,Politécnico - Pantitlán,1.9
0200L5-LARAZA,La Raza,0200L5-MISTERIOS,Misterios,CMX0200L5,5,Politécnico - Pantitlán,1.6666666666666667
0200L5-MISTERIOS,Misterios,0200L5-LARAZA,La Raza,CMX0200L5,5,Politécnico - Pantitlán,1.6666666666666667
0200L5-MISTERIOS,Misterios,0200L5-VALLEGOMEZ,Valle Gómez,CMX0200L5,5,Politécnico - Pantitlán,2.066666666666667
0200L5-OCEANIA,Oceanía,0200L5-ARAGON,Aragón,CMX0200L5,5,Politécnico - Pantitlán,2.2333333333333334
0200L5-OCEANIA,Oceanía,0200L5-TNALAEREA,Terminal Aérea,CMX0200L5,5,Politécnico - Pantitlán,2.1666666666666665
0200L5-PANTITLAN,Pantitlán,0200L5-HANGARES,Hangares,CMX0200L5,5,Politécnico - Pantitlán,3.0
0200L5-POLITECNICO,Politécnico,0200L5-ITOPETROLEO,Instituto del Petróleo,CMX0200L5,5,Politécnico - Pantitlán,2.25
0200L5-TNALAEREA,Terminal Aérea,0200L5-HANGARES,Hangares,CMX0200L5,5,Politécnico - Pantitlán,2.3333333333333335
0200L5-TNALAEREA,Terminal Aérea,0200L5-OCEANIA,Oceanía,CMX0200L5,5,Politécnico - Pantitlán,2.1666666666666665
0200L5-VALLEGOMEZ,Valle Gómez,0200L5-CONSULADO,Consulado,CMX0200L5,5,Politécnico - Pantitlán,1.2666666666666666
0200L5-VALLEGOMEZ,Valle Gómez,0200L5-MISTERIOS,Misterios,CMX0200L5,5,Politécnico - Pantitlán,2.066666666666667
0200L6-AZCAPOTZALCO,UAM Azcapotzalco,0200L6-FERRERIA,Ferrería y Arena Ciudad de México,CMX0200L6,6,El Rosario - Martín Carrera,2.033333333333333
0200L6-AZCAPOTZALCO,UAM Azcapotzalco,0200L6-TEZOZOMOC,Tezozómoc,CMX0200L6,6,El Rosario - Martín Carrera,1.75
0200L6-DTVO18MARZO,Deportivo 18 de Marzo,0200L6-LAVILLA,La Villa y Basílica,CMX0200L6,6,El Rosario - Martín Carrera,1.1666666666666667
0200L6-DTVO18MARZO,Deportivo 18 de Marzo,0200L6-LINDAVISTA,Lindavista,CMX0200L6,6,El Rosario - Martín Carrera,1.8166666666666667
0200L6-ELROSARIO,El Rosario,0200L6-TEZOZOMOC,Tezozómoc,CMX0200L6,6,El Rosario - Martín Carrera,2.183333333333333
0200L6-FERRERIA,Ferrería y Arena Ciudad de México,0200L6-AZCAPOTZALCO,UAM Azcapotzalco,CMX0200L6,6,El Rosario - Martín Carrera,2.033333333333333
0200L6-FERRERIA,Ferrería y Arena Ciudad de México,0200L6-NORTE45,Norte 45,CMX0200L6,6,El Rosario - Martín Carrera,1.9166666666666667
0200L6-ITOPETROLEO,Instituto del Petróleo,0200L6-LINDAVISTA,Lindavista,CMX0200L6,6,El Rosario - Martín Carrera,2.2
0200L6-ITOPETROLEO,Instituto del Petróleo,0200L6-VALLEJO,Vallejo,CMX0200L6,6,El Rosario - Martín Carrera,1.4
0200L6-LAVILLA,La Villa y Basílica,0200L6-DTVO18MARZO,Deportivo 18 de Marzo,CMX0200L6,6,El Rosario - Martín Carrera,1.1666666666666667
0200L6-LAVILLA,La Villa y Basílica,0200L6-MARTINCARR,Martín Carrera,CMX0200L6,6,El Rosario - Martín Carrera,1.95
0200L6-LINDAVISTA,Lindavista,0200L6-DTVO18MARZO,Deportivo 18 de Marzo,CMX0200L6,6,El Rosario - Martín Carrera,1.8166666666666667
0200L6-LINDAVISTA,Lindavista,0200L6-ITOPETROLEO,Instituto del Petróleo,CMX0200L6,6,El Rosario - Martín Carrera,2.2
0200L6-MARTINCARR,Martín Carrera,0200L6-LAVILLA,La Villa y Basílica,CMX0200L6,6,El Rosario - Martín Carrera,1.95
0200L6-NORTE45,Norte 45,0200L6-FERRERIA,Ferrería y Arena Ciudad de México,CMX0200L6,6,El Rosario - Martín Carrera,1.9166666666666667
0200L6-NORTE45,Norte 45,0200L6-VALLEJO,Vallejo,CMX0200L6,6,El Rosario - Martín Carrera,1.3
0200L6-TEZOZOMOC,Tezozómoc,0200L6-AZCAPOTZALCO,UAM Azcapotzalco,CMX0200L6,6,El Rosario - Martín Carrera,1.75
0200L6-TEZOZOMOC,Tezozómoc,0200L6-ELROSARIO,El Rosario,CMX0200L6,6,El Rosario - Martín Carrera,2.183333333333333
0200L6-VALLEJO,Vallejo,0200L6-ITOPETROLEO,Instituto del Petróleo,CMX0200L6,6,El Rosario - Martín Carrera,1.4
0200L6-VALLEJO,Vallejo,0200L6-NORTE45,Norte 45,CMX0200L6,6,El Rosario - Martín Carrera,1.3
0200L7-AQUILESSERD,Aquiles Serdán,0200L7-CAMARONES,Camarones,CMX0200L7,7,El Rosario - Barranca del Muerto,2.433333333333333
0200L7-AQUILESSERD,Aquiles Serdán,0200L7-ELROSARIO,El Rosario,CMX0200L7,7,El Rosario - Barranca del Muerto,2.933333333333333
0200L7-AUDITORIO,Auditorio,0200L7-CONSTITUYENTES,Constituyentes,CMX0200L7,7,El Rosario - Barranca del Muerto,2.683333333333333
0200L7-AUDITORIO,Auditorio,0200L7-POLANCO,Polanco,CMX0200L7,7,El Rosario - Barranca del Muerto,1.4
0200L7-BARRANCA,Barranca del Muerto,0200L7-MIXCOAC,Mixcoac,CMX0200L7,7,El Rosario - Barranca del Muerto,2.6666666666666665
0200L7-CAMARONES,Camarones,0200L7-AQUILESSERD,Aquiles Serdán,CMX0200L7,7,El Rosario - Barranca del Muerto,2.433333333333333
0200L7-CAMARONES,Camarones,0200L7-REFINERIA,Refinería,CMX0200L7,7,El Rosario - Barranca del Muerto,1.7333333333333334
0200L7-CONSTITUYENTES,Constituyentes,0200L7-AUDITORIO,Auditorio,CMX0200L7,7,El Rosario - Barranca del Muerto,2.683333333333333
0200L7-CONSTITUYENTES,Constituyentes,0200L7-TACUBAYA,Tacubaya,CMX0200L7,7,El Rosario - Barranca del Muerto,1.8833333333333333
0200L7-ELROSARIO,El Rosario,0200L7-AQUILESSERD,Aquiles Serdán,CMX0200L7,7,El Rosario - Barranca del Muerto,2.933333333333333
0200L7-MIXCOAC,Mixcoac,0200L7-BARRANCA,Barranca del Muerto,CMX0200L7,7,El Rosario - Barranca del Muerto,2.6666666666666665
0200L7-MIXCOAC,Mixcoac,0200L7-SANANTONIO,San Antonio,CMX0200L7,7,El Rosario - Barranca del Muerto,1.45
0200L7-POLANCO,Polanco,0200L7-AUDITORIO,Auditorio,CMX0200L7,7,El Rosario - Barranca del Muerto,1.4
0200L7-POLANCO,Polanco,0200L7-SANJOAQUIN,San Joaquín,CMX0200L7,7,El Rosario - Barranca del Muerto,2.1333333333333333
0200L7-REFINERIA,Refinería,0200L7-CAMARONES,Camarones,CMX0200L7,7,El Rosario - Barranca del Muerto,1.7333333333333334
0200L7-REFINERIA,Refinería,0200L7-TACUBA,Tacuba,CMX0200L7,7,El Rosario - Barranca del Muerto,2.3666666666666667
0200L7-SANANTONIO,San Antonio,0200L7-MIXCOAC,Mixcoac,CMX0200L7,7,El Rosario - Barranca del Muerto,1.45
0200L7-SANANTONIO,San Antonio,0200L7-SANPEDROPINOS,San Pedro de los Pinos,CMX0200L7,7,El Rosario - Barranca del Muerto,1.2833333333333334
0200L7-SANJOAQUIN,San Joaquín,0200L7-POLANCO,Polanco,CMX0200L7,7,El Rosario - Barranca del Muerto,2.1333333333333333
0200L7-SANJOAQUIN,San Joaquín,0200L7-TACUBA,Tacuba,CMX0200L7,7,El Rosario - Barranca del Muerto,2.566666666666667
0200L7-SANPEDROPINOS,San Pedro de los Pinos,0200L7-SANANTONIO,San Antonio,CMX0200L7,7,El Rosario - Barranca del Muerto,1.2833333333333334
0200L7-SANPEDROPINOS,San Pedro de los Pinos,0200L7-TACUBAYA,Tacubaya,CMX0200L7,7,El Rosario - Barranca del Muerto,2.0166666666666666
0200L7-TACUBA,Tacuba,0200L7-REFINERIA,Refinería,CMX0200L7,7,El Rosario - Barranca del Muerto,2.3666666666666667
0200L7-TACUBA,Tacuba,0200L7-SANJOAQUIN,San Joaquín,CMX0200L7,7,El Rosario - Barranca del Muerto,2.566666666666667
0200L7-TACUBAYA,Tacubaya,0200L7-CONSTITUYENTES,Constituyentes,CMX0200L7,7,El Rosario - Barranca del Muerto,1.8833333333333333
0200L7-TACUBAYA,Tacubaya,0200L7-SANPEDROPINOS,San Pedro de los Pinos,CMX0200L7,7,El Rosario - Barranca del Muerto,2.0166666666666666
0200L8-ACULCO,Aculco,0200L8-APATLACO,Apatlaco,CMX0200L8,8,Garibaldi - Constitución de 1917,1.1833333333333333
0200L8-ACULCO,Aculco,0200L8-ESCUADRON,Escuadrón 201,CMX0200L8,8,Garibaldi - Constitución de 1917,1.65
0200L8-APATLACO,Apatlaco,0200L8-ACULCO,Aculco,CMX0200L8,8,Garibaldi - Constitución de 1917,1.1833333333333333
0200L8-APATLACO,Apatlaco,0200L8-IZTACALCO,Iztacalco,CMX0200L8,8,Garibaldi - Constitución de 1917,1.85
0200L8-ATLALILCO,Atlalilco,0200L8-ESCUADRON,Escuadrón 201,CMX0200L8,8,Garibaldi - Constitución de 1917,3.3
0200L8-ATLALILCO,Atlalilco,0200L8-IZTAPALAPA,Iztapalapa,CMX0200L8,8,Garibaldi - Constitución de 1917,1.4833333333333334
0200L8-BELLASARTES,Bellas Artes,0200L8-GARIBALDI,Garibaldi y Lagunilla,CMX0200L8,8,Garibaldi - Constitución de 1917,1.3833333333333333
0200L8-BELLASARTES,Bellas Artes,0200L8-SANJUANLETRAN,San Juan de Letrán,CMX0200L8,8,Garibaldi - Constitución de 1917,1.05
0200L8-CERROESTRELLA,Cerro de la Estrella,0200L8-IZTAPALAPA,Iztapalapa,CMX0200L8,8,Garibaldi - Constitución de 1917,1.6
0200L8-CERROESTRELLA,Cerro de la Estrella,0200L8-UAM-I,UAM-I,CMX0200L8,8,Garibaldi - Constitución de 1917,2.2
0200L8-CHABACANO,Chabacano,0200L8-LAVIGA,La Viga,CMX0200L8,8,Garibaldi - Constitución de 1917,1.6833333333333333
0200L8-CHABACANO,Chabacano,0200L8-OBRERA,Obrera,CMX0200L8,8,Garibaldi - Constitución de 1917,2.2666666666666666
0200L8-CONST1917,Constitución de 1917,0200L8-UAM-I,UAM-I,CMX0200L8,8,Garibaldi - Constitución de 1917,2.25
0200L8-COYUYA,Coyuya,0200L8-IZTACALCO,Iztacalco,CMX0200L8,8,Garibaldi - Constitución de 1917,2.0
0200L8-COYUYA,Coyuya,0200L8-STAANITA,Santa Anita,CMX0200L8,8,Garibaldi - Constitución de 1917,2.033333333333333
0200L8-DOCTORES,Doctores,0200L8-OBRERA,Obrera,CMX0200L8,8,Garibaldi - Constitución de 1917,1.6166666666666667
0200L8-DOCTORES,Doctores,0200L8-SALTOAGUA,Salto del Agua,CMX0200L8,8,Garibaldi - Constitución de 1917,1.2166666666666666
0200L8-ESCUADRON,Escuadrón 201,0200L8-ACULCO,Aculco,CMX0200L8,8,Garibaldi - Constitución de 1917,1.65
0200L8-ESCUADRON,Escuadrón 201,0200L8-ATLALILCO,Atlalilco,CMX0200L8,8,Garibaldi - Constitución de 1917,3.3
0200L8-GARIBALDI,Garibaldi y Lagunilla,0200L8-BELLASARTES,Bellas Artes,CMX0200L8,8,Garibaldi - Constitución de 1917,1.3833333333333333
0200L8-IZTACALCO,Iztacalco,0200L8-APATLACO,Apatlaco,CMX0200L8,8,Garibaldi - Constitución de 1917,1.85
0200L8-IZTACALCO,Iztacalco,0200L8-COYUYA,Coyuya,CMX0200L8,8,Garibaldi - Constitución de 1917,2.0
0200L8-IZTAPALAPA,Iztapalapa,0200L8-ATLALILCO,Atlalilco,CMX0200L8,8,Garibaldi - Constitución de 1917,1.4833333333333334
0200L8-IZTAPALAPA,Iztapalapa,0200L8-CERROESTRELLA,Cerro de la Estrella,CMX0200L8,8,Garibaldi - Constitución de 1917,1.6
0200L8-LAVIGA,La Viga,0200L8-CHABACANO,Chabacano,CMX0200L8,8,Garibaldi - Constitución de 1917,1.6833333333333333
0200L8-LAVIGA,La Viga,0200L8-STAANITA,Santa Anita,CMX0200L8,8,Garibaldi - Constitución de 1917,1.3666666666666667
0200L8-OBRERA,Obrera,0200L8-CHABACANO,Chabacano,CMX0200L8,8,Garibaldi - Constitución de 1917,2.2666666666666666
0200L8-OBRERA,Obrera,0200L8-DOCTORES,Doctores,CMX0200L8,8,Garibaldi - Constitución de 1917,1.6166666666666667
0200L8-SALTOAGUA,Salto del Agua,0200L8-DOCTORES,Doctores,CMX0200L8,8,Garibaldi - Constitución de 1917,1.2166666666666666
0200L8-SALTOAGUA,Salto del Agua,0200L8-SANJUANLETRAN,San Juan de Letrán,CMX0200L8,8,Garibaldi - Constitución de 1917,0.75
0200L8-SANJUANLETRAN,San Juan de Letrán,0200L8-BELLASARTES,Bellas Artes,CMX0200L8,8,Garibaldi - Constitución de 1917,1.05
0200L8-SANJUANLETRAN,San Juan de Letrán,0200L8-SALTOAGUA,Salto del Agua,CMX0200L8,8,Garibaldi - Constitución de 1917,0.75
0200L8-STAANITA,Santa Anita,0200L8-COYUYA,Coyuya,CMX0200L8,8,Garibaldi - Constitución de 1917,2.033333333333333
0200L8-STAANITA,Santa Anita,0200L8-LAVIGA,La Viga,CMX0200L8,8,Garibaldi - Constitución de 1917,1.3666666666666667
0200L8-UAM-I,UAM-I,0200L8-CERROESTRELLA,Cerro de la Estrella,CMX0200L8,8,Garibaldi - Constitución de 1917,2.2
0200L8-UAM-I,UAM-I,0200L8-CONST1917,Constitución de 1917,CMX0200L8,8,Garibaldi - Constitución de 1917,2.25
0200L9-CENTROMEDICO,Centro Médico,0200L9-CHILPANCINGO,Chilpancingo,CMX0200L9,9,Pantitlán - Tacubaya,2.3666666666666667
0200L9-CENTROMEDICO,Centro Médico,0200L9-LAZAROCAR,Lázaro Cárdenas,CMX0200L9,9,Pantitlán - Tacubaya,1.8666666666666667
0200L9-CHABACANO,Chabacano,0200L9-JAMAICA,Jamaica,CMX0200L9,9,Pantitlán - Tacubaya,2.2
0200L9-CHABACANO,Chabacano,0200L9-LAZAROCAR,Lázaro Cárdenas,CMX0200L9,9,Pantitlán - Tacubaya,2.05
0200L9-CHILPANCINGO,Chilpancingo,0200L9-CENTROMEDICO,Centro Médico,CMX0200L9,9,Pantitlán - Tacubaya,2.283333333333333
0200L9-CHILPANCINGO,Chilpancingo,0200L9-PATRIOTISMO,Patriotismo,CMX0200L9,9,Pantitlán - Tacubaya,1.9833333333333334
0200L9-CIUDADDVA,Ciudad Deportiva,0200L9-PUEBLA,Puebla,CMX0200L9,9,Pantitlán - Tacubaya,1.9833333333333334
0200L9-CIUDADDVA,Ciudad Deportiva,0200L9-VELODROMO,Velódromo,CMX0200L9,9,Pantitlán - Tacubaya,2.283333333333333
0200L9-JAMAICA,Jamaica,0200L9-CHABACANO,Chabacano,CMX0200L9,9,Pantitlán - Tacubaya,2.2
0200L9-JAMAICA,Jamaica,0200L9-MIXIUHCA,Mixiuhca,CMX0200L9,9,Pantitlán - Tacubaya,2.05
0200L9-LAZAROCAR,Lázaro Cárdenas,0200L9-CENTROMEDICO,Centro Médico,CMX0200L9,9,Pantitlán - Tacubaya,2.1666666666666665
0200L9-LAZAROCAR,Lázaro Cárdenas,0200L9-CHABACANO,Chabacano,CMX0200L9,9,Pantitlán - Tacubaya,1.7833333333333334
0200L9-MIXIUHCA,Mixiuhca,0200L9-JAMAICA,Jamaica,CMX0200L9,9,Pantitlán - Tacubaya,1.7833333333333334
0200L9-MIXIUHCA,Mixiuhca,0200L9-VELODROMO,Velódromo,CMX0200L9,9,Pantitlán - Tacubaya,2.1666666666666665
0200L9-PANTITLAN,Pantitlán,0200L9-PUEBLA,Puebla,CMX0200L9,9,Pantitlán - Tacubaya,2.783333333333333
0200L9-PATRIOTISMO,Patriotismo,0200L9-CHILPANCINGO,Chilpancingo,CMX0200L9,9,Pantitlán - Tacubaya,1.7
0200L9-PATRIOTISMO,Patriotismo,0200L9-TACUBAYA,Tacubaya,CMX0200L9,9,Pantitlán - Tacubaya,2.1666666666666665
0200L9-PUEBLA,Puebla,0200L9-CIUDADDVA,Ciudad Deportiva,CMX0200L9,9,Pantitlán - Tacubaya,1.7
0200L9-PUEBLA,Puebla,0200L9-PANTITLAN,Pantitlán,CMX0200L9,9,Pantitlán - Tacubaya,2.1666666666666665
0200L9-TACUBAYA,Tacubaya,0200L9-PATRIOTISMO,Patriotismo,CMX0200L9,9,Pantitlán - Tacubaya,2.783333333333333
0200L9-VELODROMO,Velódromo,0200L9-CIUDADDVA,Ciudad Deportiva,CMX0200L9,9,Pantitlán - Tacubaya,2.3666666666666667
0200L9-VELODROMO,Velódromo,0200L9-MIXIUHCA,Mixiuhca,CMX0200L9,9,Pantitlán - Tacubaya,1.8666666666666667
0200LA-ACATITLA,Acatitla,0200LA-PENONVIEJO,Penón Viejo,CMX0200LA,A,Pantitlán - La Paz,2.5166666666666666
0200LA-ACATITLA,Acatitla,0200LA-STAMARTA,Santa Marta,CMX0200LA,A,Pantitlán - La Paz,2.05
0200LA-AGRICOLA,Agrícola Oriental,0200LA-CANALSANJUAN,Canal de San Juan,CMX0200LA,A,Pantitlán - La Paz,2.05
0200LA-AGRICOLA,Agrícola Oriental,0200LA-PANTITLAN,Pantitlán,CMX0200LA,A,Pantitlán - La Paz,2.55
0200LA-CANALSANJUAN,Canal de San Juan,0200LA-AGRICOLA,Agrícola Oriental,CMX0200LA,A,Pantitlán - La Paz,2.05
0200LA-CANALSANJUAN,Canal de San Juan,0200LA-TEPALCATES,Tepalcates,CMX0200LA,A,Pantitlán - La Paz,2.65
0200LA-GUELATAO,Guelatao,0200LA-PENONVIEJO,Penón Viejo,CMX0200LA,A,Pantitlán - La Paz,3.8833333333333333
0200LA-GUELATAO,Guelatao,0200LA-TEPALCATES,Tepalcates,CMX0200LA,A,Pantitlán - La Paz,2.15
0200LA-LAPAZ,La Paz,0200LA-LOSREYES,Los Reyes,CMX0200LA,A,Pantitlán - La Paz,3.466666666666667
0200LA-LOSREYES,Los Reyes,0200LA-LAPAZ,La Paz,CMX0200LA,A,Pantitlán - La Paz,3.466666666666667
0200LA-LOSREYES,Los Reyes,0200LA-STAMARTA,Santa Marta,CMX0200LA,A,Pantitlán - La Paz,3.183333333333333
0200LA-PANTITLAN,Pantitlán,0200LA-AGRICOLA,Agrícola Oriental,CMX0200LA,A,Pantitlán - La Paz,2.55
0200LA-PENONVIEJO,Penón Viejo,0200LA-ACATITLA,Acatitla,CMX0200LA,A,Pantitlán - La Paz,2.5166666666666666
0200LA-PENONVIEJO,Penón Viejo,0200LA-GUELATAO,Guelatao,CMX0200LA,A,Pantitlán - La Paz,3.8833333333333333
0200LA-STAMARTA,Santa Marta,0200LA-ACATITLA,Acatitla,CMX0200LA,A,Pantitlán - La Paz,2.05
0200LA-STAMARTA,Santa Marta,0200LA-LOSREYES,Los Reyes,CMX0200LA,A,Pantitlán - La Paz,3.183333333333333
0200LA-TEPALCATES,Tepalcates,0200LA-CANALSANJUAN,Canal de San Juan,CMX0200LA,A,Pantitlán - La Paz,2.65
0200LA-TEPALCATES,Tepalcates,0200LA-GUELATAO,Guelatao,CMX0200LA,A,Pantitlán - La Paz,2.15
0200LB-BOSQUEARAGON,Bosque de Aragón,0200LB-DPVOOCEANIA,Deportivo Oceanía,CMX0200LB,B,Ciudad Azteca - Buenavista,2.4833333333333334
0200LB-BOSQUEARAGON,Bosque de Aragón,0200LB-VILLAARAGON,Villa de Aragón,CMX0200LB,B,Ciudad Azteca - Buenavista,1.7666666666666666
0200LB-BUENAVISTA,Buenavista,0200LB-GUERRERO,Guerrero,CMX0200LB,B,Ciudad Azteca - Buenavista,1.25
0200LB-CIUDADAZTECA,Ciudad Azteca,0200LB-PLAZAARAGON,Plaza Aragón,CMX0200LB,B,Ciudad Azteca - Buenavista,1.3666666666666667
0200LB-DPVOOCEANIA,Deportivo Oceanía,0200LB-BOSQUEARAGON,Bosque de Aragón,CMX0200LB,B,Ciudad Azteca - Buenavista,2.4833333333333334
0200LB-DPVOOCEANIA,Deportivo Oceanía,0200LB-OCEANIA,Oceanía,CMX0200LB,B,Ciudad Azteca - Buenavista,1.9333333333333333
0200LB-ECATEPEC,Ecatepec,0200LB-MUZQUIZ,Múzquiz,CMX0200LB,B,Ciudad Azteca - Buenavista,3.1
0200LB-ECATEPEC,Ecatepec,0200LB-OLIMPICA,Olímpica,CMX0200LB,B,Ciudad Azteca - Buenavista,1.4166666666666667
0200LB-GARIBALDI,Garibaldi y Lagunilla,0200LB-GUERRERO,Guerrero,CMX0200LB,B,Ciudad Azteca - Buenavista,1.6666666666666667
0200LB-GARIBALDI,Garibaldi y Lagunilla,0200LB-LAGUNILLA,Lagunilla,CMX0200LB,B,Ciudad Azteca - Buenavista,1.5166666666666666
0200LB-GUERRERO,Guerrero,0200LB-BUENAVISTA,Buenavista,CMX0200LB,B,Ciudad Azteca - Buenavista,1.25
0200LB-GUERRERO,Guerrero,0200LB-GARIBALDI,Garibaldi y Lagunilla,CMX0200LB,B,Ciudad Azteca - Buenavista,1.6666666666666667
0200LB-IMPULSORA,Impulsora,0200LB-NEZAHUALCO,Nezahualcóyotl,CMX0200LB,B,Ciudad Azteca - Buenavista,2.9166666666666665
0200LB-IMPULSORA,Impulsora,0200LB-RIOREMEDIOS,Río de los Remedios,CMX0200LB,B,Ciudad Azteca - Buenavista,1.1166666666666667
0200LB-LAGUNILLA,Lagunilla,0200LB-GARIBALDI,Garibaldi y Lagunilla,CMX0200LB,B,Ciudad Azteca - Buenavista,1.5166666666666666
0200LB-LAGUNILLA,Lagunilla,0200LB-TEPITO,Tepito,CMX0200LB,B,Ciudad Azteca - Buenavista,1.2166666666666666
0200LB-MORELOS,Morelos,0200LB-SANLAZARO,San Lázaro,CMX0200LB,B,Ciudad Azteca - Buenavista,2.6333333333333333
0200LB-MORELOS,Morelos,0200LB-TEPITO,Tepito,CMX0200LB,B,Ciudad Azteca - Buenavista,1.2166666666666666
0200LB-MUZQUIZ,Múzquiz,0200LB-ECATEPEC,Ecatepec,CMX0200LB,B,Ciudad Azteca - Buenavista,3.1
0200LB-MUZQUIZ,Múzquiz,0200LB-RIOREMEDIOS,Río de los Remedios,CMX0200LB,B,Ciudad Azteca - Buenavista,2.45
0200LB-NEZAHUALCO,Nezahualcóyotl,0200LB-IMPULSORA,Impulsora,CMX0200LB,B,Ciudad Azteca - Buenavista,2.9166666666666665
0200LB-NEZAHUALCO,Nezahualcóyotl,0200LB-VILLAARAGON,Villa de Aragón,CMX0200LB,B,Ciudad Azteca - Buenavista,2.816666666666667
0200LB-OCEANIA,Oceanía,0200LB-DPVOOCEANIA,Deportivo Oceanía,CMX0200LB,B,Ciudad Azteca - Buenavista,1.9333333333333333
0200LB-OCEANIA,Oceanía,0200LB-ROMERORUBIO,Romero Rubio,CMX0200LB,B,Ciudad Azteca - Buenavista,1.7166666666666666
0200LB-OLIMPICA,Olímpica,0200LB-ECATEPEC,Ecatepec,CMX0200LB,B,Ciudad Azteca - Buenavista,1.4166666666666667
0200LB-OLIMPICA,Olímpica,0200LB-PLAZAARAGON,Plaza Aragón,CMX0200LB,B,Ciudad Azteca - Buenavista,1.6166666666666667
0200LB-PLAZAARAGON,Plaza Aragón,0200LB-CIUDADAZTECA,Ciudad Azteca,CMX0200LB,B,Ciudad Azteca - Buenavista,1.3666666666666667
0200LB-PLAZAARAGON,Plaza Aragón,0200LB-OLIMPICA,Olímpica,CMX0200LB,B,Ciudad Azteca - Buenavista,1.6166666666666667
0200LB-RFLORESMAGON,Ricardo Flores Magón,0200LB-ROMERORUBIO,Romero Rubio,CMX0200LB,B,Ciudad Azteca - Buenavista,2.0833333333333335
0200LB-RFLORESMAGON,Ricardo Flores Magón,0200LB-SANLAZARO,San Lázaro,CMX0200LB,B,Ciudad Azteca - Buenavista,2.033333333333333
0200LB-RIOREMEDIOS,Río de los Remedios,0200LB-IMPULSORA,Impulsora,CMX0200LB,B,Ciudad Azteca - Buenavista,1.1166666666666667
0200LB-RIOREMEDIOS,Río de los Remedios,0200LB-MUZQUIZ,Múzquiz,CMX0200LB,B,Ciudad Azteca - Buenavista,2.45
0200LB-ROMERORUBIO,Romero Rubio,0200LB-OCEANIA,Oceanía,CMX0200LB,B,Ciudad Azteca - Buenavista,1.7166666666666666
0200LB-ROMERORUBIO,Romero Rubio,0200LB-RFLORESMAGON,Ricardo Flores Magón,CMX0200LB,B,Ciudad Azteca - Buenavista,2.0833333333333335
0200LB-SANLAZARO,San Lázaro,0200LB-MORELOS,Morelos,CMX0200LB,B,Ciudad Azteca - Buenavista,2.6333333333333333
0200LB-SANLAZARO,San Lázaro,0200LB-RFLORESMAGON,Ricardo Flores Magón,CMX0200LB,B,Ciudad Azteca - Buenavista,2.033333333333333
0200LB-TEPITO,Tepito,0200LB-LAGUNILLA,Lagunilla,CMX0200LB,B,Ciudad Azteca - Buenavista,1.2166666666666666
0200LB-TEPITO,Tepito,0200LB-MORELOS,Morelos,CMX0200LB,B,Ciudad Azteca - Buenavista,1.2166666666666666
0200LB-VILLAARAGON,Villa de Aragón,0200LB-BOSQUEARAGON,Bosque de Aragón,CMX0200LB,B,Ciudad Azteca - Buenavista,1.7666666666666666
0200LB-VILLAARAGON,Villa de Aragón,0200LB-NEZAHUALCO,Nezahualcóyotl,CMX0200LB,B,Ciudad Azteca - Buenavista,2.816666666666667
020L12-ATLALILCO,Atlalilco,020L12-CULHUACAN,Culhuacán,CMX020L12,L12,Tláhuac-Mixcoac,4.05
020L12-ATLALILCO,Atlalilco,020L12-MEXICALTZINGO,Mexicaltzingo,CMX020L12,L12,Tláhuac-Mixcoac,4.783333333333333
020L12-CALLE11,Calle 11,020L12-LOMASESTRELLA,Lomas Estrella,CMX020L12,L12,Tláhuac-Mixcoac,2.3833333333333333
020L12-CALLE11,Calle 11,020L12-PERIFERICOOTE,Periférico Oriente,CMX020L12,L12,Tláhuac-Mixcoac,2.85
020L12-CULHUACAN,Culhuacán,020L12-ATLALILCO,Atlalilco,CMX020L12,L12,Tláhuac-Mixcoac,4.05
020L12-CULHUACAN,Culhuacán,020L12-SANANDRESTO,San Andrés Tomatlán,CMX020L12,L12,Tláhuac-Mixcoac,2.6
020L12-EJECENTRAL,Eje Central,020L12-ERMITA,Ermita,CMX020L12,L12,Tláhuac-Mixcoac,2.3666666666666667
020L12-EJECENTRAL,Eje Central,020L12-PARQUEVENADOS,Parque de los Venados,CMX020L12,L12,Tláhuac-Mixcoac,3.3
020L12-ERMITA,Ermita,020L12-EJECENTRAL,Eje Central,CMX020L12,L12,Tláhuac-Mixcoac,2.3666666666666667
020L12-ERMITA,Ermita,020L12-MEXICALTZINGO,Mexicaltzingo,CMX020L12,L12,Tláhuac-Mixcoac,4.433333333333334
020L12-HOSPITAL20,Hospital 20 de Noviembre,020L12-INSURGENTESSUR,Insurgentes Sur,CMX020L12,L12,Tláhuac-Mixcoac,1.8
020L12-HOSPITAL20,Hospital 20 de Noviembre,020L12-ZAPATA,Zapata,CMX020L12,L12,Tláhuac-Mixcoac,1.2833333333333334
020L12-INSURGENTESSUR,Insurgentes Sur,020L12-HOSPITAL20,Hospital 20 de Noviembre,CMX020L12,L12,Tláhuac-Mixcoac,1.8
020L12-INSURGENTESSUR,Insurgentes Sur,020L12-MIXCOAC,Mixcoac,CMX020L12,L12,Tláhuac-Mixcoac,2.0833333333333335
020L12-LOMASESTRELLA,Lomas Estrella,020L12-CALLE11,Calle 11,CMX020L12,L12,Tláhuac-Mixcoac,2.3833333333333333
020L12-LOMASESTRELLA,Lomas Estrella,020L12-SANANDRESTO,San Andrés Tomatlán,CMX020L12,L12,Tláhuac-Mixcoac,2.75
020L12-MEXICALTZINGO,Mexicaltzingo,020L12-ATLALILCO,Atlalilco,CMX020L12,L12,Tláhuac-Mixcoac,4.783333333333333
020L12-MEXICALTZINGO,Mexicaltzingo,020L12-ERMITA,Ermita,CMX020L12,L12,Tláhuac-Mixcoac,4.433333333333334
020L12-MIXCOAC,Mixcoac,020L12-INSURGENTESSUR,Insurgentes Sur,CMX020L12,L12,Tláhuac-Mixcoac,2.0833333333333335
020L12-NOPALERA,Nopalera,020L12-OLIVOS,Olivos,CMX020L12,L12,Tláhuac-Mixcoac,3.433333333333333
020L12-NOPALERA,Nopalera,020L12-ZAPOTITLAN,Zapotitlán,CMX020L12,L12,Tláhuac-Mixcoac,3.216666666666667
020L12-OLIVOS,Olivos,020L12-NOPALERA,Nopalera,CMX020L12,L12,Tláhuac-Mixcoac,3.433333333333333
020L12-OLIVOS,Olivos,020L12-TEZONCO,Tezonco,CMX020L12,L12,Tláhuac-Mixcoac,1.45
020L12-PARQUEVENADOS,Parque de los Venados,020L12-EJECENTRAL,Eje Central,CMX020L12,L12,Tláhuac-Mixcoac,3.3
020L12-PARQUEVENADOS,Parque de los Venados,020L12-ZAPATA,Zapata,CMX020L12,L12,Tláhuac-Mixcoac,1.6666666666666667
020L12-PERIFERICOOTE,Periférico Oriente,020L12-CALLE11,Calle 11,CMX020L12,L12,Tláhuac-Mixcoac,2.85
020L12-PERIFERICOOTE,Periférico Oriente,020L12-TEZONCO,Tezonco,CMX020L12,L12,Tláhuac-Mixcoac,3.85
020L12-SANANDRESTO,San Andrés Tomatlán,020L12-CULHUACAN,Culhuacán,CMX020L12,L12,Tláhuac-Mixcoac,2.6
020L12-SANANDRESTO,San Andrés Tomatlán,020L12-LOMASESTRELLA,Lomas Estrella,CMX020L12,L12,Tláhuac-Mixcoac,2.75
020L12-TEZONCO,Tezonco,020L12-OLIVOS,Olivos,CMX020L12,L12,Tláhuac-Mixcoac,1.45
020L12-TEZONCO,Tezonco,020L12-PERIFERICOOTE,Periférico Oriente,CMX020L12,L12,Tláhuac-Mixcoac,3.85
020L12-TLAHUAC,Tláhuac,020L12-TLALTENCO,Tlaltenco,CMX020L12,L12,Tláhuac-Mixcoac,3.283333333333333
020L12-TLALTENCO,Tlaltenco,020L12-TLAHUAC,Tláhuac,CMX020L12,L12,Tláhuac-Mixcoac,3.283333333333333
020L12-TLALTENCO,Tlaltenco,020L12-ZAPOTITLAN,Zapotitlán,CMX020L12,L12,Tláhuac-Mixcoac,2.8833333333333333
020L12-ZAPATA,Zapata,020L12-HOSPITAL20,Hospital 20 de Noviembre,CMX020L12,L12,Tláhuac-Mixcoac,1.2833333333333334
020L12-ZAPATA,Zapata,020L12-PARQUEVENADOS,Parque de los Venados,CMX020L12,L12,Tláhuac-Mixcoac,1.6666666666666667
020L12-ZAPOTITLAN,Zapotitlán,020L12-NOPALERA,Nopalera,CMX020L12,L12,Tláhuac-Mixcoac,3.216666666666667
020L12-ZAPOTITLAN,Zapotitlán,020L12-TLALTENCO,Tlaltenco,CMX020L12,L12,Tláhuac-Mixcoac,2.8833333333333333
0700L1-BUENAVISTA,Buenavista,0700L1-FORTUNA,Fortuna,CMX0700L1,1,Buenavista-Cuautitlan,8.816666666666666
0700L1-CUAUTITLAN,Cuautitlán,0700L1-TULTITLAN,Tultitlán,CMX0700L1,1,Buenavista-Cuautitlan,6.033333333333333
0700L1-FORTUNA,Fortuna,0700L1-BUENAVISTA,Buenavista,CMX0700L1,1,Buenavista-Cuautitlan,8.816666666666666
0700L1-FORTUNA,Fortuna,0700L1-TLALNEPAN,Tlalnepantla,CMX0700L1,1,Buenavista-Cuautitlan,8.733333333333333
0700L1-LECHERIA,Lechería,0700L1-SANRAFAEL,San Rafael,CMX0700L1,1,Buenavista-Cuautitlan,7.266666666666667
0700L1-LECHERIA,Lechería,0700L1-TULTITLAN,Tultitlán,CMX0700L1,1,Buenavista-Cuautitlan,6.983333333333333
0700L1-SANRAFAEL,San Rafael,0700L1-LECHERIA,Lechería,CMX0700L1,1,Buenavista-Cuautitlan,7.266666666666667
0700L1-SANRAFAEL,San Rafael,0700L1-TLALNEPAN,Tlalnepantla,CMX0700L1,1,Buenavista-Cuautitlan,6.1
0700L1-TLALNEPAN,Tlalnepantla,0700L1-FORTUNA,Fortuna,CMX0700L1,1,Buenavista-Cuautitlan,8.733333333333333
0700L1-TLALNEPAN,Tlalnepantla,0700L1-SANRAFAEL,San Rafael,CMX0700L1,1,Buenavista-Cuautitlan,6.1
0700L1-TULTITLAN,Tultitlán,0700L1-CUAUTITLAN,Cuautitlán,CMX0700L1,1,Buenavista-Cuautitlan,6.033333333333333
0700L1-TULTITLAN,Tultitlán,0700L1-LECHERIA,Lechería,CMX0700L1,1,Buenavista-Cuautitlan,6.983333333333333
100001-LERMA,Lerma,100001-METEPEC,Metepec,CMX100001,1,Zinacantepec - Santa Fe,5.25
100001-LERMA,Lerma,100001-SANTAFE,Santa Fe,CMX100001,1,Zinacantepec - Santa Fe,22.283333333333335
100001-METEPEC,Metepec,100001-LERMA,Lerma,CMX100001,1,Zinacantepec - Santa Fe,4.75
100001-METEPEC,Metepec,100001-TOLUCA,Toluca Centro,CMX100001,1,Zinacantepec - Santa Fe,4.75
100001-SANTAFE,Santa Fe,100001-LERMA,Lerma,CMX100001,1,Zinacantepec - Santa Fe,4.433333333333334
100001-TOLUCA,Toluca Centro,100001-METEPEC,Metepec,CMX100001,1,Zinacantepec - Santa Fe,5.25
100001-TOLUCA,Toluca Centro,100001-ZINAC,Zinacantepec,CMX100001,1,Zinacantepec - Santa Fe,22.283333333333335
100001-ZINAC,Zinacantepec,100001-TOLUCA,Toluca Centro,CMX100001,1,Zinacantepec - Santa Fe,4.433333333333334
